case,backend,median_us,min_us,max_us,startup_ms,runtime_peak_mib,transport_peak_mib,standard_part,state_period,active_residues,expression_nodes,max_normalized_terms,max_normalized_coefficient_bits
infinitesimal_order,fraction,86.3335,35.25,194.042,0.000708,24.453125,,12,1,1,22,3,20
infinitesimal_order,lean_native,207.083,83.334,487.75,114.89225,35.96875,24.625,12,1,1,22,3,20
infinitesimal_order,sympy,1506.6455,859.041,3616.875,443.444292,62.078125,,12,1,1,22,3,20
coprime_2_3,fraction,21.5205,19.0,133.291,0.001208,24.296875,,5,6,1,5,1,3
coprime_2_3,lean_native,212.375,59.917,400.792,54.938958,35.96875,24.546875,5,6,1,5,1,3
coprime_2_3,sympy,569.542,173.292,1082.292,331.598,59.546875,,5,6,1,5,1,3
coprime_3_5_7,fraction,68.5835,66.792,1536.834,0.001708,24.453125,,9,105,1,11,1,4
coprime_3_5_7,lean_native,1027.9585,377.917,2314.459,45.742875,36.078125,24.640625,9,105,1,11,1,4
coprime_3_5_7,sympy,1034.5415,567.625,2227.75,333.804,59.546875,,9,105,1,11,1,4
shared_factors_4_6,fraction,59.375,58.625,251.625,0.000833,24.390625,,9,12,1,7,1,4
shared_factors_4_6,lean_native,260.6245,118.25,487.458,38.573667,36.0,24.625,9,12,1,7,1,4
shared_factors_4_6,sympy,1001.2295,575.375,2347.833,274.473959,60.09375,,9,12,1,7,1,4
support_relative_limit,fraction,50.1875,19.083,105.667,0.002791,24.65625,,-1,2,1,7,2,2
support_relative_limit,lean_native,154.8335,76.541,298.125,54.163583,35.921875,24.640625,-1,2,1,7,2,2
support_relative_limit,sympy,321.8335,213.334,1132.083,590.8015,56.859375,,-1,2,1,7,2,2
unknown_differing_limits,fraction,10.813,10.541,15.209,0.000834,24.453125,,unknown,2,1,3,1,2
unknown_differing_limits,lean_native,73.625,35.125,171.375,49.079416,36.03125,24.40625,unknown,2,1,3,1,2
unknown_differing_limits,sympy,225.479,103.917,948.416,281.639417,59.8125,,unknown,2,1,3,1,2
unknown_divergent_branch,fraction,18.0005,17.083,244.208,0.000833,24.328125,,unknown,3,1,7,2,2
unknown_divergent_branch,lean_native,666.292,149.125,1926.0,75.381333,35.9375,24.46875,unknown,3,1,7,2,2
unknown_divergent_branch,sympy,634.625,203.708,1269.083,893.161625,55.40625,,unknown,3,1,7,2,2
laurent_growth_4,fraction,65.521,61.375,243.542,0.001875,24.53125,,1,1,1,33,5,3
laurent_growth_4,lean_native,551.7915,343.291,1191.917,190.339,35.9375,24.5,1,1,1,33,5,3
laurent_growth_4,sympy,5261.6875,2117.209,9399.667,355.331459,61.953125,,1,1,1,33,5,3
laurent_growth_8,fraction,396.438,295.709,1051.75,0.000917,24.296875,,1,1,1,65,9,7
laurent_growth_8,lean_native,726.3955,285.25,1839.0,51.996375,35.96875,24.6875,1,1,1,65,9,7
laurent_growth_8,sympy,6888.6875,3257.166,19922.25,410.824,62.515625,,1,1,1,65,9,7
laurent_growth_12,fraction,425.042,288.792,1382.167,0.000917,24.1875,,1,1,1,97,13,10
laurent_growth_12,lean_native,953.813,520.958,1972.417,47.418458,36.046875,24.703125,1,1,1,97,13,10
laurent_growth_12,sympy,7217.1665,4800.25,16002.292,499.364959,62.25,,1,1,1,97,13,10
exact_cancellation_12,fraction,823.7705,535.667,2625.458,0.001958,24.5,,7/3,1,1,195,1,3
exact_cancellation_12,lean_native,2546.1045,1652.708,4244.083,74.866375,36.03125,24.4375,7/3,1,1,195,1,3
exact_cancellation_12,sympy,600.7295,216.25,1501.583,444.791,61.859375,,7/3,1,1,195,1,3
dense_lcm_210,fraction,3565.6875,2635.0,6495.959,0.0035,24.5,,0,210,105,17,1,4
dense_lcm_210,lean_native,1773.354,1375.458,3103.709,44.911041,36.171875,24.703125,0,210,105,17,1,4
dense_lcm_210,sympy,27781.604,18459.333,134780.542,224.589208,60.421875,,0,210,105,17,1,4
